{
  "pipeline": "metacal_pipeline.py (ShearNet-matched)",
  "psf": "Gaussian fwhm=0.5\"",
  "n_input": 500,
  "n_success": 500,
  "success_rate": 1.0,
  "shear_true": 0.01,
  "mcal_step": 0.01,
  "nse_sd": 12.719674,
  "gal_hlr": 0.5,
  "gal_flux": 12258.97,
  "scale": 0.141,
  "npix": 53,
  "seed": 150,
  "n_jack": 20,
  "m_full": -0.02289369392312557,
  "c_full": 0.012826785229664338,
  "m_mean": -0.02289500358165127,
  "m_err": 0.05906475113777067,
  "c_mean": 0.012826785229664336,
  "c_err": 0.011543203317605265,
  "r11_mean": 0.9390302601742585,
  "r11_err": 0.006007385986830122,
  "n_gal": 500,
  "njac": 20,
  "m_jk": [
    -0.03526991417359959,
    -0.014665574278211135,
    -0.03687336973636768,
    -0.02849890731009852,
    -0.05835183216431317,
    -0.015088012286518793,
    -0.03274793696947609,
    -0.023241683387069556,
    -0.01862651174867702,
    -0.022047914790340184,
    0.0032606903063787662,
    -0.0034471371493141056,
    -0.01148064423290418,
    -0.010959802464813317,
    -0.01630676100343087,
    -0.03675286186664295,
    -0.02823414755909559,
    -0.02606903384976267,
    -0.011873735577037192,
    -0.03062498139173153
  ],
  "c_jk": [
    0.012831813928601075,
    0.01268330400387482,
    0.013935258613172454,
    0.011344043094928064,
    0.01838157330526794,
    0.016305488337433026,
    0.006953713809811199,
    0.013425042660121475,
    0.010786369847845352,
    0.015745287761492685,
    0.01500547699936649,
    0.012767615631415208,
    0.011059258794349784,
    0.008658499106459813,
    0.011477131778250481,
    0.013067455002777138,
    0.010668020583739389,
    0.0163098666451508,
    0.013629282842092222,
    0.01150120184713733
  ],
  "m_hat": -0.02289369392312557,
  "c_hat": 0.012826785229664338,
  "m_hat_se": 0.05906475113777067,
  "c_hat_se": 0.011543203317605265
}