{
  "pipeline": "metacal_pipeline.py (ShearNet-matched)",
  "psf": "Gaussian fwhm=0.5\"",
  "n_input": 50000,
  "n_success": 50000,
  "success_rate": 1.0,
  "shear_true": 0.01,
  "mcal_step": 0.01,
  "nse_sd": 12.719674,
  "gal_hlr": 0.5,
  "gal_flux": 12258.97,
  "scale": 0.141,
  "npix": 53,
  "seed": 150,
  "n_jack": 20,
  "m_full": 0.005670715240437607,
  "c_full": 0.004973646188633165,
  "m_mean": 0.005670747595149339,
  "m_err": 0.005442180292869454,
  "c_mean": 0.004973646188633165,
  "c_err": 0.0010459198068628892,
  "r11_mean": 0.9400723191364595,
  "r11_err": 0.0007081659642832121,
  "n_gal": 50000,
  "njac": 20,
  "m_jk": [
    0.006513096430352583,
    0.006964600562300083,
    0.006373414339984285,
    0.007024581740770142,
    0.006649396362586435,
    0.004169518374461889,
    0.005090445513126429,
    0.0073550689866273,
    0.004925497135826795,
    0.005952094880394165,
    0.0051890354140027295,
    0.006760780318205484,
    0.004354565763093232,
    0.005387303337411664,
    0.006810741178913116,
    0.00265269458802897,
    0.005592262962186734,
    0.007073683762342631,
    0.0043481226831878494,
    0.004228047569184268
  ],
  "c_jk": [
    0.005111522538193515,
    0.005005062353159206,
    0.0048034027543069,
    0.004953540314209116,
    0.005354952075234834,
    0.005075887188468139,
    0.004810558225340272,
    0.004447162054116979,
    0.0046282848223315074,
    0.0049274642564429505,
    0.005343175598977481,
    0.005361196742800766,
    0.005083241680690075,
    0.004925807988384241,
    0.004961298149394336,
    0.004786890667321847,
    0.004913970804485785,
    0.0053395926126994335,
    0.004832335507232841,
    0.004807577438873059
  ],
  "m_hat": 0.005670715240437607,
  "c_hat": 0.004973646188633165,
  "m_hat_se": 0.005442180292869454,
  "c_hat_se": 0.0010459198068628892
}